Size,1N(RR),1N(RB),1N(BB),4N(RR),4N(RB),4N(BB),16N(RR),16N(RB),16N(BB)
1024,1.3874,1.40955,1.40867,0.384284,0.356074,0.384391,0.0964031,0.0910032,0.0966599
2048,11.05,11.1386,11.1415,2.82802,2.79729,2.82034,0.758112,0.706797,0.712641
4096,89.7809,90.1164,90.3651,22.3308,22.6732,22.3115,5.61082,5.9005,5.60557
8192,716.083,717.846,718.606,180.803,180.787,180.577,44.499,47.8353,44.4859
16384,N/A,N/A,N/A,N/A,N/A,N/A,360.71,380.38,360.605
