Size,1N(1a),1N(1d),4N(1a),4N(1d),16N(1a),16N(1d)
1024,0.082207,0.139714,0.0839932,0.10528,0.0950401,0.147921
2048,0.533099,0.957865,0.231338,0.414408,0.0842721,0.265243
4096,3.59374,5.10574,1.49464,2.09078,0.427595,1.20862
8192,25.8794,29.8426,8.57292,10.194,2.67678,5.88358
16384,207.719,247.828,55.1993,71.798,16.4588,29.8926
